Request path,Scope,Units,IP address,Token creator,Method,User agent,Timestamp
/v3/subscription-info/limits-and-usage,apiv3,0,186.14.156.48,Online Enterprises LLC,GET,Mozilla/5.0 (Windows NT; Windows NT 10.0; es-VE) WindowsPowerShell/5.1.26100.8875,2026-07-19 06:12:28
https://api.ahrefs.com/v3/serp-overview%2Fserp-overview?select=position%2Ctitle%2Curl%2Cdomain_rating%2Crefdomains%2Cbacklinks%2Ctraffic%2Ckeywords%2Ctop_keyword%2Ctop_keyword_volume%2Cpage_type%2Ctype%2Cupdate_date&top_positions=10&country=pe&keyword=marketing+industrial&output=json,apiv3-mcp,560,,Accesos SeoLab,POST,openai-mcp/1.0.0,2026-07-18 21:12:58
https://api.ahrefs.com/v3/serp-overview%2Fserp-overview?select=position%2Ctitle%2Curl%2Cdomain_rating%2Crefdomains%2Cbacklinks%2Ctraffic%2Ckeywords%2Ctop_keyword%2Ctop_keyword_volume%2Cpage_type%2Ctype%2Cupdate_date&top_positions=10&country=pe&keyword=servicio+de+construccion+de+plantas+de+extraccion+de+petroleo&output=json,apiv3-mcp,50,,Accesos SeoLab,POST,openai-mcp/1.0.0,2026-07-18 21:12:54
https://api.ahrefs.com/v3/keywords-explorer%2Fmatching-terms?limit=50&order_by=volume:desc&select=keyword%2Cvolume%2Cdifficulty%2Ccpc%2Ctraffic_potential%2Cparent_topic%2Cintents%2Cglobal_volume&country=pe&keywords=marketing+industrial%2Cmarketing+b2b%2Cseo+industrial&match_mode=terms&terms=all&output=json,apiv3-mcp,2650,,Accesos SeoLab,POST,openai-mcp/1.0.0,2026-07-18 21:12:35
https://api.ahrefs.com/v3/keywords-explorer%2Foverview?limit=100&select=keyword%2Cvolume%2Cdifficulty%2Ccpc%2Ctraffic_potential%2Cparent_topic%2Cintents%2Cglobal_volume%2Cserp_features&country=pe&keywords=marketing+digital+para+empresas+petroleras%2Cmarketing+para+empresas+petroleras%2Cseo+para+empresas+petroleras%2Cagencia+de+marketing+industrial%2Cmarketing+industrial%2Cseo+industrial%2Cmarketing+digital+industrial%2Cagencia+marketing+b2b%2Cmarketing+b2b%2Cseo+para+empresas+industriales%2Cdise%C3%B1o+web+para+empresas+industriales%2Cdise%C3%B1o+web+para+empresas+petroleras%2Cgoogle+ads+para+empresas+industriales%2Cgeneraci%C3%B3n+de+leads+industriales%2Cmarketing+para+empresas+de+ingenier%C3%ADa%2Cseo+para+empresas+de+ingenier%C3%ADa%2Cmarketing+para+empresas+de+construcci%C3%B3n%2Cmarketing+para+empresas+de+petr%C3%B3leo+y+gas%2Cmarketing+oil+and+gas%2Cagencia+seo+industrial&output=json,apiv3-mcp,432,,Accesos SeoLab,POST,openai-mcp/1.0.0,2026-07-18 21:12:26
/v3/subscription-info/limits-and-usage,apiv3,0,195.26.255.24,Online Enterprises LLC,GET,axios/1.15.0,2026-07-18 18:15:00
/v3/subscription-info/limits-and-usage,apiv3,0,45.225.224.129,Online Enterprises LLC,GET,node,2026-07-18 13:46:50
/v3/subscription-info/limits-and-usage,apiv3,0,45.225.224.129,Online Enterprises LLC,GET,node,2026-07-18 02:51:14
/v3/subscription-info/limits-and-usage,apiv3,0,45.225.224.129,Online Enterprises LLC,GET,node,2026-07-18 02:30:33
/v3/subscription-info/limits-and-usage,apiv3,0,45.225.224.129,Online Enterprises LLC,GET,node,2026-07-18 02:29:47
/v3/subscription-info/limits-and-usage,apiv3,0,45.225.224.129,Online Enterprises LLC,GET,node,2026-07-18 02:28:32
/v3/subscription-info/limits-and-usage,apiv3,0,2600:1f18:5427:650a:583e:2fe5:297a:a077,Online Enterprises LLC,GET,Deno/2.1.4 (variant; SupabaseEdgeRuntime/1.74.2),2026-07-17 21:29:49
https://api.ahrefs.com/v3/site-explorer%2Forganic-competitors?limit=10&select=competitor_domain%2Cdomain_rating%2Ctraffic%2Ckeywords_competitor%2Ckeywords_common%2Cpages%2Cshare&protocol=both&target=floty.mx&mode=domain&country=mx&date=2026-07-17&volume_mode=monthly,apiv3-mcp,160,,Accesos SeoLab,POST,openai-mcp/1.0.0 (Codex),2026-07-17 21:14:42
https://api.ahrefs.com/v3/site-explorer%2Fmetrics?volume_mode=monthly&country=mx&protocol=both&target=floty.mx&mode=domain&date=2026-07-17,apiv3-mcp,50,,Accesos SeoLab,POST,openai-mcp/1.0.0 (Codex),2026-07-17 21:14:21
/v3/subscription-info/limits-and-usage,apiv3,0,195.26.255.24,Online Enterprises LLC,GET,axios/1.15.0,2026-07-17 18:15:00
/v3/subscription-info/limits-and-usage,apiv3,0,195.26.255.24,Online Enterprises LLC,GET,axios/1.15.0,2026-07-16 18:15:00
/v3/subscription-info/limits-and-usage,apiv3,0,195.26.255.24,Online Enterprises LLC,GET,axios/1.15.0,2026-07-15 18:15:01
/v3/subscription-info/limits-and-usage,apiv3,0,2600:1f18:5427:6508:89b3:64b0:4593:740c,Online Enterprises LLC,GET,Deno/2.1.4 (variant; SupabaseEdgeRuntime/1.74.2),2026-07-15 14:38:36
/v3/site-explorer/domain-rating?target=vibromedia.com&date=2026-07-15&output=json,apiv3,50,2600:1f1e:229:a90a:945a:5fef:6822:6010,Online Enterprises LLC,GET,Deno/2.1.4 (variant; SupabaseEdgeRuntime/1.74.2),2026-07-15 09:39:38
/v3/site-explorer/backlinks-stats?target=vibromedia.com&mode=domain&date=2026-07-15&output=json,apiv3,50,2600:1f1e:229:a90a:945a:5fef:6822:6010,Online Enterprises LLC,GET,Deno/2.1.4 (variant; SupabaseEdgeRuntime/1.74.2),2026-07-15 09:39:38
/v3/site-explorer/metrics?protocol=both&mode=subdomains&date=2026-05-31&target=floty.mx%2F,apiv3,50,2600:1f1e:229:a908:18a6:36f9:f04c:e8dc,Online Enterprises LLC,GET,Deno/2.1.4 (variant; SupabaseEdgeRuntime/1.74.2),2026-07-15 09:39:37
/v3/site-explorer/domain-rating?protocol=both&mode=subdomains&date=2026-05-31&target=floty.mx%2F,apiv3,50,2600:1f1e:229:a909:a130:1112:9398:7a7,Online Enterprises LLC,GET,Deno/2.1.4 (variant; SupabaseEdgeRuntime/1.74.2),2026-07-15 09:39:37
/v3/site-explorer/domain-rating?protocol=both&mode=subdomains&date=2026-06-30&target=floty.mx%2F,apiv3,50,2600:1f1e:229:a909:5fdc:fceb:27ac:1531,Online Enterprises LLC,GET,Deno/2.1.4 (variant; SupabaseEdgeRuntime/1.74.2),2026-07-15 09:39:37
/v3/site-explorer/backlinks-stats?protocol=both&mode=subdomains&date=2026-05-31&target=floty.mx%2F,apiv3,50,2600:1f1e:229:a90a:f8e8:bcc6:c75:df57,Online Enterprises LLC,GET,Deno/2.1.4 (variant; SupabaseEdgeRuntime/1.74.2),2026-07-15 09:39:37
/v3/site-explorer/metrics?protocol=both&mode=subdomains&date=2026-06-30&target=floty.mx%2F,apiv3,50,2600:1f1e:229:a909:7885:d13c:bb91:a3eb,Online Enterprises LLC,GET,Deno/2.1.4 (variant; SupabaseEdgeRuntime/1.74.2),2026-07-15 09:39:37
/v3/site-explorer/url-rating-history?protocol=both&mode=subdomains&target=floty.mx%2F&date_from=2026-06-01&date_to=2026-06-30&history_grouping=monthly,apiv3,50,2600:1f1e:229:a908:4784:b3e1:e52:73d8,Online Enterprises LLC,GET,Deno/2.1.4 (variant; SupabaseEdgeRuntime/1.74.2),2026-07-15 09:39:37
/v3/site-explorer/url-rating-history?protocol=both&mode=subdomains&target=floty.mx%2F&date_from=2026-05-01&date_to=2026-05-31&history_grouping=monthly,apiv3,50,2600:1f1e:229:a908:7646:d9bc:a450:841d,Online Enterprises LLC,GET,Deno/2.1.4 (variant; SupabaseEdgeRuntime/1.74.2),2026-07-15 09:39:37
/v3/site-explorer/backlinks-stats?protocol=both&mode=subdomains&date=2026-06-30&target=floty.mx%2F,apiv3,50,2600:1f1e:229:a90b:7f8a:5eeb:f4ee:d2ac,Online Enterprises LLC,GET,Deno/2.1.4 (variant; SupabaseEdgeRuntime/1.74.2),2026-07-15 09:39:37
https://api.ahrefs.com/v3/site-explorer%2Forganic-keywords?limit=30&order_by=volume:desc&select=keyword%2Cbest_position%2Cbest_position_url%2Cvolume%2Ckeyword_difficulty%2Cis_transactional%2Cis_commercial%2Cis_informational%2Cis_branded&target=educacollegeprep.com&mode=subdomains&country=pe&date=2026-07-14,apiv3-mcp,810,,Accesos SeoLab,POST,Claude-User,2026-07-14 23:13:33
https://api.ahrefs.com/v3/site-explorer%2Fbacklinks-stats?target=educacollegeprep.com&mode=subdomains&date=2026-07-14,apiv3-mcp,50,,Accesos SeoLab,POST,Claude-User,2026-07-14 23:04:14
https://api.ahrefs.com/v3/gsc%2Fpages?project_id=7166464&date_from=2026-04-14&date_to=2026-07-13&limit=40,apiv3-mcp,0,,Accesos SeoLab,POST,Claude-User,2026-07-14 23:04:13
https://api.ahrefs.com/v3/gsc%2Fkeywords?project_id=7166464&date_from=2026-04-14&date_to=2026-07-13&limit=60,apiv3-mcp,0,,Accesos SeoLab,POST,Claude-User,2026-07-14 23:04:11
https://api.ahrefs.com/v3/management%2Fprojects?,apiv3-mcp,0,,Accesos SeoLab,POST,Claude-User,2026-07-14 23:03:57
/v3/site-explorer/top-pages?target=becasparalatinos.com&mode=subdomains&country=us&date=2026-07-13&limit=5&output=json&select=url%2Ckeywords%2Cur%2Ctop_keyword%2Ctop_keyword_volume%2Ctop_keyword_best_position%2Ctop_keyword_best_position_title,apiv3,80,2600:1f1e:229:a90b:114a:5595:ae4c:2b90,Online Enterprises LLC,GET,Deno/2.1.4 (variant; SupabaseEdgeRuntime/1.74.2),2026-07-14 20:30:51
/v3/site-explorer/top-pages?target=argentina.gob.ar&mode=subdomains&country=us&date=2026-07-13&limit=5&output=json&select=url%2Ckeywords%2Cur%2Ctop_keyword%2Ctop_keyword_volume%2Ctop_keyword_best_position%2Ctop_keyword_best_position_title,apiv3,80,2600:1f1e:229:a90b:2855:20ce:21be:bc47,Online Enterprises LLC,GET,Deno/2.1.4 (variant; SupabaseEdgeRuntime/1.74.2),2026-07-14 20:30:50
/v3/site-explorer/top-pages?target=educacollegeprep.com&mode=subdomains&country=us&date=2026-07-13&limit=5&output=json&select=url%2Ckeywords%2Cur%2Ctop_keyword%2Ctop_keyword_volume%2Ctop_keyword_best_position%2Ctop_keyword_best_position_title,apiv3,80,2600:1f1e:229:a90b:d4cb:93d:57ec:1598,Online Enterprises LLC,GET,Deno/2.1.4 (variant; SupabaseEdgeRuntime/1.74.2),2026-07-14 20:30:50
/v3/site-explorer/organic-keywords?target=becasparalatinos.com&mode=subdomains&country=us&date=2026-07-13&limit=350&output=json&select=keyword%2Cvolume%2Ccpc%2Ckeyword_difficulty%2Cbest_position%2Cbest_position_url%2Cbest_position_set%2Cwords%2Cis_commercial,apiv3,513,2600:1f1e:229:a90a:b04d:caea:3a62:f453,Online Enterprises LLC,GET,Deno/2.1.4 (variant; SupabaseEdgeRuntime/1.74.2),2026-07-14 20:30:49
/v3/site-explorer/organic-keywords?target=argentina.gob.ar&mode=subdomains&country=us&date=2026-07-13&limit=350&output=json&select=keyword%2Cvolume%2Ccpc%2Ckeyword_difficulty%2Cbest_position%2Cbest_position_url%2Cbest_position_set%2Cwords%2Cis_commercial,apiv3,6750,2600:1f1e:229:a90b:b71e:cf39:2e0b:7ace,Online Enterprises LLC,GET,Deno/2.1.4 (variant; SupabaseEdgeRuntime/1.74.2),2026-07-14 20:30:49
/v3/site-explorer/organic-keywords?target=educacollegeprep.com&mode=subdomains&country=us&date=2026-07-13&limit=450&output=json&select=keyword%2Cvolume%2Ccpc%2Ckeyword_difficulty%2Cbest_position%2Cbest_position_url%2Cbest_position_set%2Cwords%2Cis_commercial,apiv3,972,2600:1f1e:229:a90b:6280:54fe:e7ce:a9be,Online Enterprises LLC,GET,Deno/2.1.4 (variant; SupabaseEdgeRuntime/1.74.2),2026-07-14 20:30:48
/v3/site-explorer/backlinks-stats?target=elabedu.eu&mode=subdomains&date=2026-07-13&output=json&country=us,apiv3,50,2600:1f1e:229:a908:5540:b459:6a25:5d6d,Online Enterprises LLC,GET,Deno/2.1.4 (variant; SupabaseEdgeRuntime/1.74.2),2026-07-14 20:30:48
/v3/site-explorer/domain-rating?target=elabedu.eu&mode=subdomains&date=2026-07-13&output=json&country=us,apiv3,50,2600:1f1e:229:a909:9625:b450:ed3c:9eb2,Online Enterprises LLC,GET,Deno/2.1.4 (variant; SupabaseEdgeRuntime/1.74.2),2026-07-14 20:30:47
/v3/site-explorer/metrics?target=elabedu.eu&mode=subdomains&date=2026-07-13&output=json&country=us&protocol=both,apiv3,50,2600:1f1e:229:a90b:5f16:f4e:8467:701d,Online Enterprises LLC,GET,Deno/2.1.4 (variant; SupabaseEdgeRuntime/1.74.2),2026-07-14 20:30:47
/v3/site-explorer/metrics?target=crimsoneducation.org&mode=subdomains&date=2026-07-13&output=json&country=us&protocol=both,apiv3,50,2600:1f1e:229:a908:5187:7c7f:bbc0:d5e,Online Enterprises LLC,GET,Deno/2.1.4 (variant; SupabaseEdgeRuntime/1.74.2),2026-07-14 20:30:46
/v3/site-explorer/backlinks-stats?target=ejemplos.co&mode=subdomains&date=2026-07-13&output=json&country=us,apiv3,50,2600:1f1e:229:a908:3192:ab7d:95a2:2655,Online Enterprises LLC,GET,Deno/2.1.4 (variant; SupabaseEdgeRuntime/1.74.2),2026-07-14 20:30:46
/v3/site-explorer/backlinks-stats?target=crimsoneducation.org&mode=subdomains&date=2026-07-13&output=json&country=us,apiv3,50,2600:1f1e:229:a90a:3edc:ef0d:8fcf:8c0e,Online Enterprises LLC,GET,Deno/2.1.4 (variant; SupabaseEdgeRuntime/1.74.2),2026-07-14 20:30:46
/v3/site-explorer/domain-rating?target=ejemplos.co&mode=subdomains&date=2026-07-13&output=json&country=us,apiv3,50,2600:1f1e:229:a90a:b619:5602:311e:8b6,Online Enterprises LLC,GET,Deno/2.1.4 (variant; SupabaseEdgeRuntime/1.74.2),2026-07-14 20:30:46
/v3/site-explorer/metrics?target=ejemplos.co&mode=subdomains&date=2026-07-13&output=json&country=us&protocol=both,apiv3,50,2600:1f1e:229:a909:e14e:a7fd:6782:4896,Online Enterprises LLC,GET,Deno/2.1.4 (variant; SupabaseEdgeRuntime/1.74.2),2026-07-14 20:30:46
/v3/site-explorer/backlinks-stats?target=colombiaharvard.com&mode=subdomains&date=2026-07-13&output=json&country=us,apiv3,50,2600:1f1e:229:a90b:1926:ccd0:8c6b:68f7,Online Enterprises LLC,GET,Deno/2.1.4 (variant; SupabaseEdgeRuntime/1.74.2),2026-07-14 20:30:45
/v3/site-explorer/metrics?target=concepto.de&mode=subdomains&date=2026-07-13&output=json&country=us&protocol=both,apiv3,50,2600:1f1e:229:a909:bc62:cc9e:67e7:d92b,Online Enterprises LLC,GET,Deno/2.1.4 (variant; SupabaseEdgeRuntime/1.74.2),2026-07-14 20:30:45
/v3/site-explorer/domain-rating?target=crimsoneducation.org&mode=subdomains&date=2026-07-13&output=json&country=us,apiv3,50,2600:1f1e:229:a90a:75f0:e413:47fe:9fcb,Online Enterprises LLC,GET,Deno/2.1.4 (variant; SupabaseEdgeRuntime/1.74.2),2026-07-14 20:30:45
/v3/site-explorer/domain-rating?target=concepto.de&mode=subdomains&date=2026-07-13&output=json&country=us,apiv3,50,2600:1f1e:229:a908:239b:8a7c:64d8:1798,Online Enterprises LLC,GET,Deno/2.1.4 (variant; SupabaseEdgeRuntime/1.74.2),2026-07-14 20:30:45
/v3/site-explorer/backlinks-stats?target=concepto.de&mode=subdomains&date=2026-07-13&output=json&country=us,apiv3,50,2600:1f1e:229:a908:f324:9d5a:c261:6d5d,Online Enterprises LLC,GET,Deno/2.1.4 (variant; SupabaseEdgeRuntime/1.74.2),2026-07-14 20:30:45
/v3/site-explorer/domain-rating?target=colombiaharvard.com&mode=subdomains&date=2026-07-13&output=json&country=us,apiv3,50,2600:1f1e:229:a90b:731b:954f:e3f2:dffd,Online Enterprises LLC,GET,Deno/2.1.4 (variant; SupabaseEdgeRuntime/1.74.2),2026-07-14 20:30:44
/v3/site-explorer/metrics?target=colombiaharvard.com&mode=subdomains&date=2026-07-13&output=json&country=us&protocol=both,apiv3,50,2600:1f1e:229:a908:8b28:e4ac:bcf7:2e54,Online Enterprises LLC,GET,Deno/2.1.4 (variant; SupabaseEdgeRuntime/1.74.2),2026-07-14 20:30:44
/v3/site-explorer/backlinks-stats?target=becasparalatinos.com&mode=subdomains&date=2026-07-13&output=json&country=us,apiv3,50,2600:1f1e:229:a908:e636:85dd:bd75:526e,Online Enterprises LLC,GET,Deno/2.1.4 (variant; SupabaseEdgeRuntime/1.74.2),2026-07-14 20:30:43
/v3/site-explorer/metrics?target=collegeessayguy.com&mode=subdomains&date=2026-07-13&output=json&country=us&protocol=both,apiv3,50,2600:1f1e:229:a908:37ea:ae02:3b4:57fe,Online Enterprises LLC,GET,Deno/2.1.4 (variant; SupabaseEdgeRuntime/1.74.2),2026-07-14 20:30:43
/v3/site-explorer/domain-rating?target=collegeessayguy.com&mode=subdomains&date=2026-07-13&output=json&country=us,apiv3,50,2600:1f1e:229:a90a:2b05:7e1e:9d90:a188,Online Enterprises LLC,GET,Deno/2.1.4 (variant; SupabaseEdgeRuntime/1.74.2),2026-07-14 20:30:43
/v3/site-explorer/backlinks-stats?target=collegeessayguy.com&mode=subdomains&date=2026-07-13&output=json&country=us,apiv3,50,2600:1f1e:229:a908:d229:7e06:3545:54ca,Online Enterprises LLC,GET,Deno/2.1.4 (variant; SupabaseEdgeRuntime/1.74.2),2026-07-14 20:30:43
/v3/site-explorer/domain-rating?target=becasparalatinos.com&mode=subdomains&date=2026-07-13&output=json&country=us,apiv3,50,2600:1f1e:229:a90b:1fc3:9126:716d:9945,Online Enterprises LLC,GET,Deno/2.1.4 (variant; SupabaseEdgeRuntime/1.74.2),2026-07-14 20:30:42
/v3/site-explorer/backlinks-stats?target=argentina.gob.ar&mode=subdomains&date=2026-07-13&output=json&country=us,apiv3,50,2600:1f1e:229:a90b:8b77:f82c:f4c6:3a50,Online Enterprises LLC,GET,Deno/2.1.4 (variant; SupabaseEdgeRuntime/1.74.2),2026-07-14 20:30:42
/v3/site-explorer/metrics?target=becasparalatinos.com&mode=subdomains&date=2026-07-13&output=json&country=us&protocol=both,apiv3,50,2600:1f1e:229:a90b:8890:5a7e:ad80:5742,Online Enterprises LLC,GET,Deno/2.1.4 (variant; SupabaseEdgeRuntime/1.74.2),2026-07-14 20:30:42
/v3/site-explorer/domain-rating?target=argentina.gob.ar&mode=subdomains&date=2026-07-13&output=json&country=us,apiv3,50,2600:1f1e:229:a90a:73a4:2ace:8bf7:18da,Online Enterprises LLC,GET,Deno/2.1.4 (variant; SupabaseEdgeRuntime/1.74.2),2026-07-14 20:30:41
/v3/site-explorer/metrics?target=argentina.gob.ar&mode=subdomains&date=2026-07-13&output=json&country=us&protocol=both,apiv3,50,2600:1f1e:229:a90a:5283:473e:7f00:dda4,Online Enterprises LLC,GET,Deno/2.1.4 (variant; SupabaseEdgeRuntime/1.74.2),2026-07-14 20:30:41
/v3/site-explorer/metrics?target=educacollegeprep.com&mode=subdomains&date=2026-07-13&output=json&country=us&protocol=both,apiv3,50,2600:1f1e:229:a908:97ad:dd68:2692:bf37,Online Enterprises LLC,GET,Deno/2.1.4 (variant; SupabaseEdgeRuntime/1.74.2),2026-07-14 20:30:40
/v3/site-explorer/organic-competitors?target=educacollegeprep.com&mode=subdomains&country=us&date=2026-07-13&limit=18&output=json&select=competitor_domain%2Cdomain_rating%2Ctraffic%2Ckeywords_common%2Ckeywords_competitor%2Ckeywords_target%2Cshare,apiv3,288,2600:1f1e:229:a90a:6eef:441b:547c:9a9e,Online Enterprises LLC,GET,Deno/2.1.4 (variant; SupabaseEdgeRuntime/1.74.2),2026-07-14 20:30:40
/v3/site-explorer/backlinks-stats?target=educacollegeprep.com&mode=subdomains&date=2026-07-13&output=json&country=us,apiv3,50,2600:1f1e:229:a90a:c217:427b:1a7f:dd4a,Online Enterprises LLC,GET,Deno/2.1.4 (variant; SupabaseEdgeRuntime/1.74.2),2026-07-14 20:30:40
/v3/site-explorer/domain-rating?target=educacollegeprep.com&mode=subdomains&date=2026-07-13&output=json&country=us,apiv3,50,2600:1f1e:229:a908:c4e4:9693:dc98:9c3e,Online Enterprises LLC,GET,Deno/2.1.4 (variant; SupabaseEdgeRuntime/1.74.2),2026-07-14 20:30:40
/v3/site-explorer/metrics?target=leasyauto.com&protocol=both&mode=subdomains&date=2026-07-13,apiv3,50,2600:1f1e:229:a90a:324b:209f:bf71:9f4b,Online Enterprises LLC,GET,Deno/2.1.4 (variant; SupabaseEdgeRuntime/1.74.2),2026-07-14 19:56:45
/v3/subscription-info/limits-and-usage,apiv3,0,195.26.255.24,Online Enterprises LLC,GET,axios/1.15.0,2026-07-14 18:15:00
/v3/site-explorer/url-rating-history?protocol=both&mode=subdomains&target=leasyauto.com%2Fperu%2F&date_from=2021-06-30&date_to=2026-06-30&history_grouping=weekly,apiv3,324,2600:1f1e:229:a909:4b7b:9a5b:f412:96e2,Online Enterprises LLC,GET,Deno/2.1.4 (variant; SupabaseEdgeRuntime/1.74.2),2026-07-14 17:47:26
/v3/site-explorer/url-rating-history?protocol=both&mode=subdomains&target=leasyauto.com%2Fperu%2F&date_from=2021-05-31&date_to=2026-05-31&history_grouping=weekly,apiv3,314,2600:1f1e:229:a90a:2b0b:ff8a:8b00:ca5e,Online Enterprises LLC,GET,Deno/2.1.4 (variant; SupabaseEdgeRuntime/1.74.2),2026-07-14 17:47:26
/v3/site-explorer/metrics?protocol=both&mode=subdomains&date=2026-06-30&target=leasyauto.com%2Fperu,apiv3,50,2600:1f1e:229:a909:a7c6:4d4d:6041:f68c,Online Enterprises LLC,GET,Deno/2.1.4 (variant; SupabaseEdgeRuntime/1.74.2),2026-07-14 17:47:25
/v3/site-explorer/url-rating-history?protocol=both&mode=subdomains&target=leasyauto.com%2Fperu&date_from=2026-05-01&date_to=2026-05-31&history_grouping=monthly,apiv3,50,2600:1f1e:229:a90b:da71:517f:17bc:8a4d,Online Enterprises LLC,GET,Deno/2.1.4 (variant; SupabaseEdgeRuntime/1.74.2),2026-07-14 17:47:25
/v3/site-explorer/backlinks-stats?protocol=both&mode=subdomains&date=2026-06-30&target=leasyauto.com%2Fperu,apiv3,50,2600:1f1e:229:a90b:e239:2050:d400:5be7,Online Enterprises LLC,GET,Deno/2.1.4 (variant; SupabaseEdgeRuntime/1.74.2),2026-07-14 17:47:25
/v3/site-explorer/backlinks-stats?protocol=both&mode=subdomains&date=2026-05-31&target=leasyauto.com%2Fperu,apiv3,50,2600:1f1e:229:a90a:6882:c332:5f7d:10fd,Online Enterprises LLC,GET,Deno/2.1.4 (variant; SupabaseEdgeRuntime/1.74.2),2026-07-14 17:47:25
/v3/site-explorer/url-rating-history?protocol=both&mode=subdomains&target=leasyauto.com%2Fperu&date_from=2026-06-01&date_to=2026-06-30&history_grouping=monthly,apiv3,50,2600:1f1e:229:a908:de6c:eaed:49c5:1d96,Online Enterprises LLC,GET,Deno/2.1.4 (variant; SupabaseEdgeRuntime/1.74.2),2026-07-14 17:47:25
/v3/site-explorer/domain-rating?protocol=both&mode=subdomains&date=2026-06-30&target=leasyauto.com%2Fperu,apiv3,50,2600:1f1e:229:a909:f419:ee5c:d17f:e19d,Online Enterprises LLC,GET,Deno/2.1.4 (variant; SupabaseEdgeRuntime/1.74.2),2026-07-14 17:47:25
/v3/site-explorer/url-rating-history?protocol=both&mode=subdomains&target=leasyauto.com%2Fperu&date_from=2026-06-01&date_to=2026-06-30&history_grouping=daily,apiv3,50,2600:1f1e:229:a908:d229:7e06:3545:54ca,Online Enterprises LLC,GET,Deno/2.1.4 (variant; SupabaseEdgeRuntime/1.74.2),2026-07-14 17:47:25
/v3/site-explorer/metrics?protocol=both&mode=subdomains&date=2026-05-31&target=leasyauto.com%2Fperu,apiv3,50,2600:1f1e:229:a909:fb65:8c2d:43d:2217,Online Enterprises LLC,GET,Deno/2.1.4 (variant; SupabaseEdgeRuntime/1.74.2),2026-07-14 17:47:25
/v3/site-explorer/domain-rating?protocol=both&mode=subdomains&date=2026-05-31&target=leasyauto.com%2Fperu,apiv3,50,2600:1f1e:229:a90a:e56:d83a:a5e8:9ab4,Online Enterprises LLC,GET,Deno/2.1.4 (variant; SupabaseEdgeRuntime/1.74.2),2026-07-14 17:47:25
/v3/site-explorer/url-rating-history?protocol=both&mode=subdomains&target=leasyauto.com%2Fperu&date_from=2026-05-01&date_to=2026-05-31&history_grouping=daily,apiv3,50,2600:1f1e:229:a90b:835c:6576:6342:adf8,Online Enterprises LLC,GET,Deno/2.1.4 (variant; SupabaseEdgeRuntime/1.74.2),2026-07-14 17:47:25
/v3/subscription-info/limits-and-usage,apiv3,0,3.236.195.152,Online Enterprises LLC,GET,node,2026-07-14 16:46:28
/v3/site-explorer/metrics-history?target=chery.com.pe&mode=domain&country=pe&date_from=2025-03-01&date_to=2026-07-14&history_grouping=monthly&select=date%2Corg_traffic,apiv3,187,2600:1f18:5427:650b:c30b:cf4:8543:876c,Online Enterprises LLC,GET,Deno/2.1.4 (variant; SupabaseEdgeRuntime/1.74.2),2026-07-14 16:25:41
/v3/site-explorer/refdomains?target=https%3A%2F%2Fwww.chery.com.pe%2F&mode=domain&protocol=both&history=live&limit=200&output=json&select=domain%2Cdomain_rating%2Clinks_to_target%2Cdofollow_links%2Clost_links%2Cfirst_seen%2Clast_seen,apiv3,1400,2600:1f18:5427:6509:11f1:e6f9:5e7d:baec,Online Enterprises LLC,GET,Deno/2.1.4 (variant; SupabaseEdgeRuntime/1.74.2),2026-07-14 16:25:40
/v3/site-explorer/all-backlinks?target=https%3A%2F%2Fwww.chery.com.pe%2F&mode=domain&protocol=both&aggregation=similar_links&history=live&limit=200&output=json&select=url_from%2Cname_source%2Curl_to%2Canchor%2Cdomain_rating_source%2Curl_rating_source%2Cis_dofollow%2Cis_lost%2Cfirst_seen_link%2Clast_seen,apiv3,2000,2600:1f18:5427:6508:625:8f18:a1c6:bcd9,Online Enterprises LLC,GET,Deno/2.1.4 (variant; SupabaseEdgeRuntime/1.74.2),2026-07-14 16:25:39
/v3/site-explorer/top-pages?target=https%3A%2F%2Fwww.chery.com.pe%2F&mode=domain&protocol=both&country=pe&date=2026-07-14&limit=200&output=json&select=url%2Csum_traffic%2Ckeywords%2Ctop_keyword%2Ctop_keyword_best_position%2Cvalue%2Cur%2Creferring_domains,apiv3,3420,2600:1f18:5427:650a:9744:6391:8ce2:7477,Online Enterprises LLC,GET,Deno/2.1.4 (variant; SupabaseEdgeRuntime/1.74.2),2026-07-14 16:25:38
/v3/site-explorer/organic-keywords?target=https%3A%2F%2Fwww.chery.com.pe%2F&mode=domain&protocol=both&country=pe&date=2026-07-14&limit=200&output=json&select=keyword%2Cbest_position%2Cvolume%2Ckeyword_difficulty%2Ccpc%2Csum_traffic%2Cbest_position_url,apiv3,6800,2600:1f18:5427:6509:df76:613b:1dcc:b481,Online Enterprises LLC,GET,Deno/2.1.4 (variant; SupabaseEdgeRuntime/1.74.2),2026-07-14 16:25:37
/v3/site-explorer/domain-rating?target=chery.com.pe&date=2026-07-14,apiv3,50,2600:1f18:5427:6509:b39c:9d81:8b35:cec5,Online Enterprises LLC,GET,Deno/2.1.4 (variant; SupabaseEdgeRuntime/1.74.2),2026-07-14 16:25:36
/v3/site-explorer/metrics?target=chery.com.pe&mode=subdomains&country=pe&date=2026-07-14,apiv3,50,2600:1f18:5427:6509:b39c:9d81:8b35:cec5,Online Enterprises LLC,GET,Deno/2.1.4 (variant; SupabaseEdgeRuntime/1.74.2),2026-07-14 16:25:36
/v3/site-explorer/metrics-history?target=absorpro.com.pe&mode=domain&country=pe&date_from=2025-03-01&date_to=2026-07-14&history_grouping=monthly&select=date%2Corg_traffic,apiv3,187,2600:1f18:5427:650b:81c8:e104:9052:2b7a,Online Enterprises LLC,GET,Deno/2.1.4 (variant; SupabaseEdgeRuntime/1.74.2),2026-07-14 16:18:26
/v3/site-explorer/refdomains?target=https%3A%2F%2Fabsorpro.com.pe%2F&mode=domain&protocol=both&history=live&limit=200&output=json&select=domain%2Cdomain_rating%2Clinks_to_target%2Cdofollow_links%2Clost_links%2Cfirst_seen%2Clast_seen,apiv3,1400,2600:1f18:5427:650b:148d:976b:ce75:e92a,Online Enterprises LLC,GET,Deno/2.1.4 (variant; SupabaseEdgeRuntime/1.74.2),2026-07-14 16:18:25
/v3/site-explorer/all-backlinks?target=https%3A%2F%2Fabsorpro.com.pe%2F&mode=domain&protocol=both&aggregation=similar_links&history=live&limit=200&output=json&select=url_from%2Cname_source%2Curl_to%2Canchor%2Cdomain_rating_source%2Curl_rating_source%2Cis_dofollow%2Cis_lost%2Cfirst_seen_link%2Clast_seen,apiv3,2000,2600:1f18:5427:6508:24d8:1401:af42:9038,Online Enterprises LLC,GET,Deno/2.1.4 (variant; SupabaseEdgeRuntime/1.74.2),2026-07-14 16:18:20
/v3/site-explorer/top-pages?target=https%3A%2F%2Fabsorpro.com.pe%2F&mode=domain&protocol=both&country=pe&date=2026-07-14&limit=200&output=json&select=url%2Csum_traffic%2Ckeywords%2Ctop_keyword%2Ctop_keyword_best_position%2Cvalue%2Cur%2Creferring_domains,apiv3,60,2600:1f18:5427:650a:31a2:bf48:de9a:5ab6,Online Enterprises LLC,GET,Deno/2.1.4 (variant; SupabaseEdgeRuntime/1.74.2),2026-07-14 16:18:19
/v3/site-explorer/organic-keywords?target=https%3A%2F%2Fabsorpro.com.pe%2F&mode=domain&protocol=both&country=pe&date=2026-07-14&limit=200&output=json&select=keyword%2Cbest_position%2Cvolume%2Ckeyword_difficulty%2Ccpc%2Csum_traffic%2Cbest_position_url,apiv3,68,2600:1f18:5427:650a:48ae:14da:4bc2:1b0a,Online Enterprises LLC,GET,Deno/2.1.4 (variant; SupabaseEdgeRuntime/1.74.2),2026-07-14 16:18:18
/v3/site-explorer/metrics?target=absorpro.com.pe&mode=subdomains&country=pe&date=2026-07-14,apiv3,50,2600:1f18:5427:650a:7bb8:3b4:b29:9ab3,Online Enterprises LLC,GET,Deno/2.1.4 (variant; SupabaseEdgeRuntime/1.74.2),2026-07-14 16:18:17
/v3/site-explorer/domain-rating?target=absorpro.com.pe&date=2026-07-14,apiv3,50,2600:1f18:5427:650a:7bb8:3b4:b29:9ab3,Online Enterprises LLC,GET,Deno/2.1.4 (variant; SupabaseEdgeRuntime/1.74.2),2026-07-14 16:18:17
/v3/site-explorer/metrics-history?target=lilipink.com&mode=domain&country=co&date_from=2025-03-01&date_to=2026-07-14&history_grouping=monthly&select=date%2Corg_traffic,apiv3,50,2600:1f18:5427:6509:fb53:f88d:cacf:a65d,Online Enterprises LLC,GET,Deno/2.1.4 (variant; SupabaseEdgeRuntime/1.74.2),2026-07-14 11:20:37
/v3/site-explorer/refdomains?target=https%3A%2F%2Fwww.lilipink.com%2F&mode=domain&protocol=both&history=live&limit=200&output=json&select=domain%2Cdomain_rating%2Clinks_to_target%2Cdofollow_links%2Clost_links%2Cfirst_seen%2Clast_seen,apiv3,1400,2600:1f18:5427:650a:f541:8ce3:95d2:c8e7,Online Enterprises LLC,GET,Deno/2.1.4 (variant; SupabaseEdgeRuntime/1.74.2),2026-07-14 11:20:36
/v3/site-explorer/all-backlinks?target=https%3A%2F%2Fwww.lilipink.com%2F&mode=domain&protocol=both&aggregation=similar_links&history=live&limit=200&output=json&select=url_from%2Cname_source%2Curl_to%2Canchor%2Cdomain_rating_source%2Curl_rating_source%2Cis_dofollow%2Cis_lost%2Cfirst_seen_link%2Clast_seen,apiv3,2000,2600:1f18:5427:650a:d8b:7e78:9c94:f1bc,Online Enterprises LLC,GET,Deno/2.1.4 (variant; SupabaseEdgeRuntime/1.74.2),2026-07-14 11:20:35
/v3/site-explorer/top-pages?target=https%3A%2F%2Fwww.lilipink.com%2F&mode=domain&protocol=both&country=co&date=2026-07-14&limit=200&output=json&select=url%2Csum_traffic%2Ckeywords%2Ctop_keyword%2Ctop_keyword_best_position%2Cvalue%2Cur%2Creferring_domains,apiv3,6000,2600:1f18:5427:650b:a35f:a8bb:6f0c:be98,Online Enterprises LLC,GET,Deno/2.1.4 (variant; SupabaseEdgeRuntime/1.74.2),2026-07-14 11:20:32
/v3/site-explorer/organic-keywords?target=https%3A%2F%2Fwww.lilipink.com%2F&mode=domain&protocol=both&country=co&date=2026-07-14&limit=200&output=json&select=keyword%2Cbest_position%2Cvolume%2Ckeyword_difficulty%2Ccpc%2Csum_traffic%2Cbest_position_url,apiv3,6800,2600:1f18:5427:6508:1529:948d:5cd6:1ba6,Online Enterprises LLC,GET,Deno/2.1.4 (variant; SupabaseEdgeRuntime/1.74.2),2026-07-14 11:20:31
/v3/site-explorer/domain-rating?target=lilipink.com&date=2026-07-14,apiv3,50,2600:1f18:5427:6509:b082:2ef0:b939:42a1,Online Enterprises LLC,GET,Deno/2.1.4 (variant; SupabaseEdgeRuntime/1.74.2),2026-07-14 11:20:28
/v3/site-explorer/metrics?target=lilipink.com&mode=subdomains&country=co&date=2026-07-14,apiv3,50,2600:1f18:5427:6509:b082:2ef0:b939:42a1,Online Enterprises LLC,GET,Deno/2.1.4 (variant; SupabaseEdgeRuntime/1.74.2),2026-07-14 11:20:28
/v3/subscription-info/limits-and-usage,apiv3,0,195.26.255.24,Online Enterprises LLC,GET,axios/1.15.0,2026-07-13 18:15:00
https://api.ahrefs.com/v3/keywords-explorer%2Foverview?select=keyword%2Cvolume%2Cdifficulty%2Ccpc%2Ctraffic_potential%2Cparent_topic%2Cserp_features&country=cl&keywords=posesion+efectiva%2Cnueva+ley+de+herencias+en+chile%2Cautodespido%2Cpension+de+alimentos%2Cpensi%C3%B3n+de+alimentos%2Cdivorcio+mutuo+acuerdo%2Calbacea%2Carticulo+171+codigo+del+trabajo%2Ccalculadora+pension+de+alimentos%2Cque+es+un+albacea%2Calbacea+testamentario%2Ccuanto+cuesta+hacer+un+testamento%2Cherencia+sin+testamento%2Ccomo+calcular+la+pension+de+alimentos%2Creajuste+de+pension+de+alimentos%2Ccese+de+pension+de+alimentos%2Ccomo+se+reparte+una+herencia+en+chile%2Cherederos+forzosos%2Cjuicio+de+particion%2Ccesion+de+derechos+hereditarios%2Cdesheredamiento%2Ccese+de+convivencia%2Ctuicion+compartida%2Cregimen+de+visitas%2Cliquidacion+de+sociedad+conyugal%2Cnulidad+matrimonial%2Cunion+civil%2Cdespido+por+licencia+medica%2Carticulo+160+numero+7%2Cdespido+necesidades+de+la+empresa,apiv3-mcp,1020,,Accesos SeoLab,POST,Claude-User,2026-07-13 16:04:46
https://api.ahrefs.com/v3/site-explorer%2Forganic-keywords?limit=150&order_by=best_position:asc&where=%7B%22field%22:%22best_position%22%2C%22is%22:%5B%22lte%22%2C15%5D%7D&select=keyword%2Cbest_position%2Cbest_position_url&target=grupodefensa.cl&mode=subdomains&country=cl&date=2026-07-13,apiv3-mcp,450,,Accesos SeoLab,POST,Claude-User,2026-07-13 16:03:36
https://api.ahrefs.com/v3/site-explorer%2Forganic-keywords?limit=150&order_by=best_position:asc&where=%7B%22field%22:%22best_position%22%2C%22is%22:%5B%22lte%22%2C15%5D%7D&select=keyword%2Cbest_position%2Cbest_position_url&target=schneiderabogados.cl&mode=subdomains&country=cl&date=2026-07-13,apiv3-mcp,450,,Accesos SeoLab,POST,Claude-User,2026-07-13 16:03:35
https://api.ahrefs.com/v3/site-explorer%2Forganic-keywords?limit=150&order_by=best_position:asc&where=%7B%22field%22:%22best_position%22%2C%22is%22:%5B%22lte%22%2C15%5D%7D&select=keyword%2Cbest_position%2Cbest_position_url&target=totalabogados.cl&mode=subdomains&country=cl&date=2026-07-13,apiv3-mcp,450,,Accesos SeoLab,POST,Claude-User,2026-07-13 16:03:34
/v3/subscription-info/limits-and-usage,apiv3,0,2600:1f18:5427:650b:f7fe:4ae8:e322:8acb,Online Enterprises LLC,GET,Deno/2.1.4 (variant; SupabaseEdgeRuntime/1.74.2),2026-07-13 16:02:39
/v3/subscription-info/limits-and-usage,apiv3,0,2600:1f18:3da9:3404:8de0::3,Online Enterprises LLC,GET,Deno/2.1.4 (variant; SupabaseEdgeRuntime/1.74.2),2026-07-13 16:02:25
https://api.ahrefs.com/v3/serp-overview%2Fserp-overview?select=position%2Curl%2Ctitle%2Cdomain_rating%2Cupdate_date&top_positions=20&country=cl&keyword=posesi%C3%B3n+efectiva,apiv3-mcp,155,,Accesos SeoLab,POST,Claude-User,2026-07-13 15:59:14
https://api.ahrefs.com/v3/site-explorer%2Forganic-keywords?limit=50&where=%7B%22or%22:%5B%7B%22field%22:%22keyword%22%2C%22is%22:%5B%22iphrase_match%22%2C%22posesion+efectiva%22%5D%7D%2C%7B%22field%22:%22keyword%22%2C%22is%22:%5B%22iphrase_match%22%2C%22pension+de+alimentos%22%5D%7D%2C%7B%22field%22:%22keyword%22%2C%22is%22:%5B%22iphrase_match%22%2C%22herencia+sin+testamento%22%5D%7D%2C%7B%22field%22:%22keyword%22%2C%22is%22:%5B%22iphrase_match%22%2C%22nueva+ley+de+herencias%22%5D%7D%5D%7D&select=keyword%2Cbest_position%2Cbest_position_url%2Clast_update&target=abogadopro.cl&mode=subdomains&country=cl&date=2026-07-13,apiv3-mcp,50,,Accesos SeoLab,POST,Claude-User,2026-07-13 15:58:42
https://api.ahrefs.com/v3/management%2Fprojects?,apiv3-mcp,0,,Accesos SeoLab,POST,Claude-User,2026-07-13 15:57:48
https://api.ahrefs.com/v3/site-explorer%2Forganic-keywords?limit=500&order_by=best_position:asc&where=%7B%22field%22:%22best_position%22%2C%22is%22:%5B%22lte%22%2C100%5D%7D&select=keyword%2Cbest_position%2Cbest_position_url&target=abogadopro.cl&mode=subdomains&country=cl&date=2026-07-13,apiv3-mcp,50,,Accesos SeoLab,POST,Claude-User,2026-07-13 15:57:05
https://api.ahrefs.com/v3/site-explorer%2Forganic-competitors?limit=15&order_by=keywords_common:desc&select=competitor_domain%2Cdomain_rating%2Ckeywords_common%2Ckeywords_target%2Ckeywords_competitor%2Cshare&target=abogadopro.cl&mode=subdomains&country=cl&date=2026-07-13,apiv3-mcp,90,,Accesos SeoLab,POST,Claude-User,2026-07-13 15:56:41
/v3/subscription-info/limits-and-usage,apiv3,0,2600:1f18:5427:6509:54b4:b4e6:3c7e:5b34,Online Enterprises LLC,GET,Deno/2.1.4 (variant; SupabaseEdgeRuntime/1.74.2),2026-07-13 15:51:49
https://api.ahrefs.com/v3/subscription-info%2Flimits-and-usage?,apiv3-mcp,0,,Accesos SeoLab,POST,Claude-User,2026-07-13 15:41:19
/v3/subscription-info/limits-and-usage,apiv3,0,54.164.38.94,Online Enterprises LLC,GET,node,2026-07-13 15:27:59
/v3/subscription-info/limits-and-usage,apiv3,0,52.55.229.13,Online Enterprises LLC,GET,node,2026-07-13 15:15:47
/v3/subscription-info/limits-and-usage,apiv3,0,3.222.205.96,Online Enterprises LLC,GET,node,2026-07-13 14:46:02
/v3/subscription-info/limits-and-usage,apiv3,0,3.222.205.96,Online Enterprises LLC,GET,node,2026-07-13 14:46:00
/v3/subscription-info/limits-and-usage,apiv3,0,34.201.160.166,Online Enterprises LLC,GET,node,2026-07-13 14:36:15
/v3/subscription-info/limits-and-usage,apiv3,0,34.201.160.166,Online Enterprises LLC,GET,node,2026-07-13 14:36:12
/v3/subscription-info/limits-and-usage,apiv3,0,44.203.110.40,Online Enterprises LLC,GET,node,2026-07-13 14:25:58
/v3/subscription-info/limits-and-usage,apiv3,0,44.203.110.40,Online Enterprises LLC,GET,node,2026-07-13 14:25:05
https://api.ahrefs.com/v3/keywords-explorer%2Foverview?limit=20&order_by=volume:desc&select=keyword%2Cvolume%2Cdifficulty%2Ccpc%2Ctraffic_potential%2Cparent_topic%2Cintents%2Cglobal_volume&country=pe&keywords=software+de+agendamiento+de+citas%2Csoftware+agendamiento+de+citas%2Cautomatizaci%C3%B3n+de+leads+b2b%2Cautomatizaci%C3%B3n+de+seguimiento+de+leads,apiv3-mcp,106,,Accesos SeoLab,POST,openai-mcp/1.0.0,2026-07-13 13:23:07
https://api.ahrefs.com/v3/keywords-explorer%2Foverview?limit=20&order_by=volume:desc&select=keyword%2Cvolume%2Cdifficulty%2Ccpc%2Ctraffic_potential%2Cparent_topic%2Cintents%2Cglobal_volume&country=mx&keywords=software+de+agendamiento+de+citas%2Csoftware+agendamiento+de+citas%2Cautomatizaci%C3%B3n+de+leads+b2b%2Cautomatizaci%C3%B3n+de+seguimiento+de+leads,apiv3-mcp,106,,Accesos SeoLab,POST,openai-mcp/1.0.0,2026-07-13 13:23:00
https://api.ahrefs.com/v3/keywords-explorer%2Fmatching-terms?limit=200&order_by=volume:desc&select=keyword%2Cvolume%2Cdifficulty%2Ccpc%2Ctraffic_potential%2Cparent_topic%2Cintents%2Cglobal_volume&country=co&keywords=software+calificaci%C3%B3n+de+leads%2Ccalificaci%C3%B3n+de+leads+con+ia%2Cautomatizaci%C3%B3n+de+leads%2Cchatbot+para+calificar+leads%2Csoftware+agendamiento+de+citas%2Cchatbot+para+agendar+citas%2Cautomatizaci%C3%B3n+de+citas%2Csoftware+confirmaci%C3%B3n+de+citas%2Casistente+virtual+para+citas&match_mode=terms&terms=all,apiv3-mcp,636,,Accesos SeoLab,POST,openai-mcp/1.0.0,2026-07-13 13:22:52
https://api.ahrefs.com/v3/keywords-explorer%2Foverview?limit=100&order_by=volume:desc&select=keyword%2Cvolume%2Cdifficulty%2Ccpc%2Ctraffic_potential%2Cparent_topic%2Cintents%2Cglobal_volume&country=pe&keywords=software+call+center%2Ccall+center+software%2Csoftware+para+call+center%2Csoftware+para+call+center+en+la+nube%2Csoftware+de+atenci%C3%B3n+al+cliente%2Cchatbot+para+empresas%2Cvoicebot%2Cagente+virtual+con+inteligencia+artificial%2Cinteligencia+artificial+para+call+center%2Cplataforma+de+ia+para+atenci%C3%B3n+al+cliente%2Csoftware+gestion+de+cobranza%2Csoftware+de+cobranza%2Csoftware+de+gesti%C3%B3n+de+cobranza%2Csoftware+de+cobranza+automatizado%2Csoftware+de+cobranza+para+empresas%2Csoftware+de+cobranza+precio%2Cmejores+software+de+cobranza%2Civr+inteligente%2Ccall+center+analytics%2Ccall+center+analytics+software%2Cspeech+analytics+software%2Ccall+center+speech+analytics+software%2Csoftware+de+monitoreo+de+llamadas%2Cautomatizaci%C3%B3n+de+atenci%C3%B3n+al+cliente%2Cvoicebot+para+cobranza,apiv3-mcp,1219,,Accesos SeoLab,POST,openai-mcp/1.0.0,2026-07-13 13:21:47
https://api.ahrefs.com/v3/keywords-explorer%2Foverview?limit=100&order_by=volume:desc&select=keyword%2Cvolume%2Cdifficulty%2Ccpc%2Ctraffic_potential%2Cparent_topic%2Cintents%2Cglobal_volume&country=mx&keywords=software+call+center%2Ccall+center+software%2Csoftware+para+call+center%2Csoftware+para+call+center+en+la+nube%2Csoftware+de+atenci%C3%B3n+al+cliente%2Cchatbot+para+empresas%2Cvoicebot%2Cagente+virtual+con+inteligencia+artificial%2Cinteligencia+artificial+para+call+center%2Cplataforma+de+ia+para+atenci%C3%B3n+al+cliente%2Csoftware+gestion+de+cobranza%2Csoftware+de+cobranza%2Csoftware+de+gesti%C3%B3n+de+cobranza%2Csoftware+de+cobranza+automatizado%2Csoftware+de+cobranza+para+empresas%2Csoftware+de+cobranza+precio%2Cmejores+software+de+cobranza%2Civr+inteligente%2Ccall+center+analytics%2Ccall+center+analytics+software%2Cspeech+analytics+software%2Ccall+center+speech+analytics+software%2Csoftware+de+monitoreo+de+llamadas%2Cautomatizaci%C3%B3n+de+atenci%C3%B3n+al+cliente%2Cvoicebot+para+cobranza,apiv3-mcp,1272,,Accesos SeoLab,POST,openai-mcp/1.0.0,2026-07-13 13:21:39
https://api.ahrefs.com/v3/keywords-explorer%2Fmatching-terms?limit=250&order_by=volume:desc&select=keyword%2Cvolume%2Cdifficulty%2Ccpc%2Ctraffic_potential%2Cparent_topic%2Cintents%2Cglobal_volume&country=co&keywords=speech+analytics%2Ccall+center+analytics%2Csoftware+monitoreo+llamadas%2Csoftware+calidad+call+center%2Ccalificaci%C3%B3n+de+leads+con+ia%2Cagendamiento+de+citas+con+ia%2Civr+inteligente%2Civr+conversacional%2Cautomatizaci%C3%B3n+atenci%C3%B3n+al+cliente&match_mode=terms&terms=all,apiv3-mcp,13250,,Accesos SeoLab,POST,openai-mcp/1.0.0,2026-07-13 13:21:08
https://api.ahrefs.com/v3/keywords-explorer%2Fmatching-terms?limit=200&order_by=volume:desc&select=keyword%2Cvolume%2Cdifficulty%2Ccpc%2Ctraffic_potential%2Cparent_topic%2Cintents%2Cglobal_volume&country=co&keywords=software+de+cobranza%2Cautomatizaci%C3%B3n+de+cobranza%2Ccobranza+con+inteligencia+artificial%2Cbot+de+cobranza%2Cvoicebot+para+cobranza%2Cagente+de+cobranza+ia%2Csoftware+para+recuperaci%C3%B3n+de+cartera&match_mode=terms&terms=all,apiv3-mcp,1643,,Accesos SeoLab,POST,openai-mcp/1.0.0,2026-07-13 13:21:01
https://api.ahrefs.com/v3/keywords-explorer%2Fmatching-terms?limit=300&order_by=volume:desc&select=keyword%2Cvolume%2Cdifficulty%2Ccpc%2Ctraffic_potential%2Cparent_topic%2Cintents%2Cglobal_volume&country=co&keywords=software+call+center%2Cinteligencia+artificial+para+call+center%2Cchatbot+para+empresas%2Cbot+de+voz%2Cvoicebot%2Cagente+virtual%2Csoftware+de+atenci%C3%B3n+al+cliente%2Cplataforma+de+atenci%C3%B3n+al+cliente&match_mode=terms&terms=all,apiv3-mcp,13250,,Accesos SeoLab,POST,openai-mcp/1.0.0,2026-07-13 13:20:51
https://api.ahrefs.com/v3/site-explorer%2Forganic-competitors?limit=50&order_by=keywords_common:desc&select=competitor_domain%2Cdomain_rating%2Ckeywords_common%2Ckeywords_competitor%2Ckeywords_target%2Cshare%2Ctraffic%2Cpages&protocol=both&target=vozy.ai&mode=subdomains&country=co&date=2026-07-13&volume_mode=average,apiv3-mcp,323,,Accesos SeoLab,POST,openai-mcp/1.0.0,2026-07-13 13:20:35
https://api.ahrefs.com/v3/site-explorer%2Forganic-keywords?limit=200&order_by=volume:desc&select=keyword%2Cbest_position%2Cbest_position_url%2Cvolume%2Ckeyword_difficulty%2Ccpc%2Cis_informational%2Cis_commercial%2Cis_transactional%2Cis_branded%2Cis_navigational%2Csum_traffic&protocol=both&target=vozy.ai&mode=subdomains&country=co&date=2026-07-13&volume_mode=average,apiv3-mcp,546,,Accesos SeoLab,POST,openai-mcp/1.0.0,2026-07-13 13:20:29
https://api.ahrefs.com/v3/site-explorer%2Forganic-keywords?limit=200&order_by=volume:desc&where=%7B%22and%22:%5B%7B%22field%22:%22is_informational%22%2C%22is%22:%5B%22eq%22%2Cfalse%5D%7D%2C%7B%22or%22:%5B%7B%22field%22:%22is_commercial%22%2C%22is%22:%5B%22eq%22%2Ctrue%5D%7D%2C%7B%22field%22:%22is_transactional%22%2C%22is%22:%5B%22eq%22%2Ctrue%5D%7D%2C%7B%22field%22:%22is_branded%22%2C%22is%22:%5B%22eq%22%2Ctrue%5D%7D%2C%7B%22field%22:%22is_navigational%22%2C%22is%22:%5B%22eq%22%2Ctrue%5D%7D%5D%7D%5D%7D&select=keyword%2Cbest_position%2Cbest_position_url%2Cvolume%2Ckeyword_difficulty%2Ccpc%2Cis_informational%2Cis_commercial%2Cis_transactional%2Cis_branded%2Cis_navigational%2Csum_traffic&protocol=both&target=vozy.ai&mode=subdomains&country=co&date=2026-07-13&volume_mode=average,apiv3-mcp,50,,Accesos SeoLab,POST,openai-mcp/1.0.0,2026-07-13 13:20:22
/v3/site-explorer/backlinks-stats?target=signalscv.com&mode=domain&date=2026-07-13&output=json,apiv3,50,2600:1f18:5427:6508:6b6f:5f91:6833:de4a,Online Enterprises LLC,GET,Deno/2.1.4 (variant; SupabaseEdgeRuntime/1.74.2),2026-07-13 13:10:56
/v3/site-explorer/domain-rating?target=signalscv.com&date=2026-07-13&output=json,apiv3,50,2600:1f18:5427:6508:6b6f:5f91:6833:de4a,Online Enterprises LLC,GET,Deno/2.1.4 (variant; SupabaseEdgeRuntime/1.74.2),2026-07-13 13:10:55
/v3/site-explorer/backlinks-stats?target=r6marketplace.it.com&mode=domain&date=2026-07-13&output=json,apiv3,50,2600:1f18:5427:650b:9ac8:4cf7:dc00:8854,Online Enterprises LLC,GET,Deno/2.1.4 (variant; SupabaseEdgeRuntime/1.74.2),2026-07-13 13:10:53
/v3/site-explorer/domain-rating?target=r6marketplace.it.com&date=2026-07-13&output=json,apiv3,50,2600:1f18:5427:650b:9ac8:4cf7:dc00:8854,Online Enterprises LLC,GET,Deno/2.1.4 (variant; SupabaseEdgeRuntime/1.74.2),2026-07-13 13:10:53
/v3/site-explorer/backlinks-stats?target=magazinevalve.com&mode=domain&date=2026-07-13&output=json,apiv3,50,2600:1f18:5427:6509:e808:7748:2de6:37fa,Online Enterprises LLC,GET,Deno/2.1.4 (variant; SupabaseEdgeRuntime/1.74.2),2026-07-13 13:10:51
/v3/site-explorer/domain-rating?target=magazinevalve.com&date=2026-07-13&output=json,apiv3,50,2600:1f18:5427:6509:e808:7748:2de6:37fa,Online Enterprises LLC,GET,Deno/2.1.4 (variant; SupabaseEdgeRuntime/1.74.2),2026-07-13 13:10:51
/v3/site-explorer/domain-rating?target=duskripple.com&date=2026-07-13&output=json,apiv3,50,2600:1f18:5427:6508:5be4:73dc:2416:1a26,Online Enterprises LLC,GET,Deno/2.1.4 (variant; SupabaseEdgeRuntime/1.74.2),2026-07-13 13:10:49
/v3/site-explorer/backlinks-stats?target=duskripple.com&mode=domain&date=2026-07-13&output=json,apiv3,50,2600:1f18:5427:6508:5be4:73dc:2416:1a26,Online Enterprises LLC,GET,Deno/2.1.4 (variant; SupabaseEdgeRuntime/1.74.2),2026-07-13 13:10:49
/v3/site-explorer/backlinks-stats?target=blesscircle.com&mode=domain&date=2026-07-13&output=json,apiv3,50,2600:1f18:5427:6509:448c:9052:ce8e:9312,Online Enterprises LLC,GET,Deno/2.1.4 (variant; SupabaseEdgeRuntime/1.74.2),2026-07-13 13:10:48
/v3/site-explorer/domain-rating?target=blesscircle.com&date=2026-07-13&output=json,apiv3,50,2600:1f18:5427:6509:448c:9052:ce8e:9312,Online Enterprises LLC,GET,Deno/2.1.4 (variant; SupabaseEdgeRuntime/1.74.2),2026-07-13 13:10:48
/v3/subscription-info/limits-and-usage,apiv3,0,195.26.255.24,Online Enterprises LLC,GET,axios/1.15.0,2026-07-12 18:15:00
